,method,MSE
0,Logistic,0.06707317073170732
1,Forest,0.0027498804399808704
2,SVM,0.0009564801530368245
3,BNB,0.10712577714012435
4,KNN,0.07436633189861311
5,MLP,0.09026781444285031
