,method,MSE
0,Logistic,0.06444285031085605
1,Forest,0.04913916786226686
2,SVM,0.013308819037764055
3,BNB,0.10712577714012435
4,KNN,0.07436633189861311
5,MLP,0.08835485413677666
