,method,MSE
0,Logistic,0.06707317073170732
1,Forest,0.07149689143950264
2,SVM,0.003825920612147298
3,BNB,0.10712577714012435
4,KNN,0.07436633189861311
5,MLP,0.061095169775227165
